{"loss": [0.0075163706205785275, 0.004399613011628389, 0.004061663988977671, 0.0038888922426849604, 0.003874393878504634, 0.0037264616694301367, 0.0036774526815861464, 0.0037182639352977276, 0.003592059714719653, 0.0034907744266092777, 0.0034379924181848764, 0.0034832681994885206, 0.0034092385321855545, 0.0034270368050783873, 0.003331875428557396, 0.0034275613725185394, 0.0033268905244767666, 0.003284124657511711, 0.0033705057576298714, 0.0032706379424780607, 0.0033103444147855043, 0.0032547914888709784, 0.0032203509472310543, 0.0031547253020107746, 0.0031549823470413685, 0.003200604347512126, 0.0030838174279779196, 0.0031433776021003723, 0.0030671716667711735, 0.0031346746254712343, 0.003136567771434784, 0.0031072499696165323], "val_loss": [0.04321122169494629, 0.03213568031787872, 0.007499787490814924, 0.004221057519316673, 0.004011831246316433, 0.0039109131321311, 0.003825780237093568, 0.0031340126879513264, 0.0031402979511767626, 0.004268659744411707, 0.003177623962983489, 0.0032637452241033316, 0.003068245481699705, 0.0029845405369997025, 0.002933656796813011, 0.0030630119144916534, 0.0038444926030933857, 0.0029328525997698307, 0.003295959671959281, 0.003736043581739068, 0.004607821349054575, 0.002928630681708455, 0.003140056040138006, 0.0038148213643580675, 0.0031074779108166695, 0.003135471371933818, 0.0031805436592549086, 0.0036137981805950403, 0.0035403568763285875, 0.003268557135015726, 0.004758424125611782, 0.003710334887728095]}